<?xml version="1.0" encoding="utf-8"?>
<!-- $Id: bn-BD.xml 10132 2008-15-09 02:04:02Z kamalsikder $ -->
<metafile version="1.5" client="administrator">
	<name>Bengali(Bangladesh)</name> 
  <tag>bn-BD</tag> 
  <version>1.5.11</version> 
  <creationDate>2008-03-15</creationDate> 
  <author>Joomla! Project</author> 
  <authorEmail>kamalsikder@yahoo.co.uk</authorEmail> 
  <authorUrl>www.joomla.org</authorUrl> 
  <copyright>Copyright (C) 2005 - 2008 Open Source Matters. All rights reserved.</copyright> 
  <license>http://www.gnu.org/licenses/gpl-2.0.html GNU/GPL</license> 
  <description /> 
<metadata>
  <name>Bengali(Bangladesh)</name> 
  <tag>bn-BD</tag> 
  <rtl>0</rtl> 
  <locale>bn_BD.utf8, bn_BD.UTF-8, bn_BD, bng_BD, bn, Bangla,bengali, Bengali-Bangladesh, bd, Bangladesh</locale> 
  <winCodePage>iso-8859-1</winCodePage> 
  <backwardLang>Bengali</backwardLang> 
  <pdfFontName>SolaimanLipi</pdfFontName> 
  </metadata>
  <params /> 
</metafile>
